date,ticker,type,entry_price,current_price,pnl_pct,max_gain_pct,status,days_active,exit_advice
2026-08-18,AMZN,BULL,261.0450134277344,265.8399963378906,1.8368414118294027,1.8368414118294027,OPEN,2,보유 지속 (손절선 $256.68)
2026-08-18,LLY,BULL,1197.5799560546875,1280.3399658203125,6.91060411851497,6.91060411851497,OPEN,2,"보유 지속 (손절선 $1,200.11)"
2026-08-18,AVGO,NEUTRAL,394.2650146484375,362.4800109863281,8.061837211311222,8.061837211311222,OPEN,2,50% 분할 익절 구간 (+8.1%)
2026-08-18,COST,NEUTRAL,950.77001953125,956.989990234375,-0.6542034956246915,0.0984502179308814,OPEN,2,보유 지속 (손절선 $948.30)
2026-08-18,META,BEAR,573.8800048828125,546.030029296875,4.852926630824945,5.264170508750379,OPEN,2,보유 지속 (손절선 $605.29)
2026-08-18,TSLA,BEAR,339.5799865722656,351.1199951171875,-3.398318216985399,0.7980421586186189,CLOSED_STOP,2,손절선(-3%) 이탈 (-3.4%)
2026-08-19,AMZN,BULL,259.45001220703125,265.8399963378906,2.462896060980105,2.462896060980105,OPEN,1,보유 지속 (손절선 $256.68)
2026-08-19,ETN,BULL,431.3299865722656,424.6700134277344,-1.5440552133778969,0.0,OPEN,1,보유 지속 (손절선 $417.63)
2026-08-19,CEG,NEUTRAL,266.8299865722656,274.1700134277344,-2.7508253288019593,0.0,OPEN,1,보유 지속 (손절선 $265.57)
2026-08-19,COST,NEUTRAL,961.3499755859376,956.989990234375,0.4535273794442265,0.4535273794442265,OPEN,1,보유 지속 (손절선 $948.30)
2026-08-19,META,BEAR,543.6699829101562,546.030029296875,-0.4340953999494133,0.0,OPEN,1,보유 지속 (손절선 $605.29)
2026-08-19,000660.KS,BEAR,1489000.0,1682000.0,-12.961719274680995,0.0,CLOSED_STOP,1,손절선(-3%) 이탈 (-13.0%)
2026-08-20,AMZN,BULL,265.8399963378906,265.8399963378906,0.0,0.0,OPEN,0,"신규 진입 (목표가 +15%, 손절가 -3%)"
2026-08-20,ETN,BULL,424.6700134277344,424.6700134277344,0.0,0.0,OPEN,0,"신규 진입 (목표가 +15%, 손절가 -3%)"
2026-08-20,QCOM,NEUTRAL,161.91000366210938,161.91000366210938,0.0,0.0,OPEN,0,중립 관망
2026-08-20,TSLA,NEUTRAL,351.1199951171875,351.1199951171875,0.0,0.0,OPEN,0,중립 관망
2026-08-20,AVGO,BEAR,362.4800109863281,362.4800109863281,0.0,0.0,OPEN,0,리스크 회피 / 숏
2026-08-20,META,BEAR,546.030029296875,546.030029296875,0.0,0.0,OPEN,0,리스크 회피 / 숏
